<?xml version="1.0" encoding="ISO-8859-1" standalone='yes'?><metadata xmlns:xsi="http://www.w3.org/2001/XMLSchema-instance"><Esri/><idinfo><citation><citeinfo><origin>GIS Service Bureau, Palm Beach County ISS</origin><pubdate>20160318</pubdate><title>EVACUATION_AREAS_2012</title><geoform>vector digital data</geoform></citeinfo></citation><descript><abstract>Palm Beach County hurricane evacuation zones</abstract><purpose>Provides the geographical area for evacuation depending on the category of hurricane expected.</purpose></descript><timeperd><timeinfo><sngdate/></timeinfo></timeperd><status/><spdom><bounding><westbc>-80.146849</westbc><eastbc>-80.029454</eastbc><northbc>26.971036</northbc><southbc>26.32029</southbc></bounding></spdom><keywords><theme><themekt>Hurricane</themekt></theme><place><placekey>Palm Beach County</placekey></place></keywords><accconst>None</accconst><useconst>The Data is provided &quot;as is&quot; without warranty or any representation of accuracy, timeliness or completeness. The burden for determining accuracy, completeness, timeliness, merchantability and fitness for or the appropriateness for use rests solely on the requester. The County makes no warranties, express or implied, as to the use of the licensed Data. There are no implied warranties of merchantability or fitness for a particular purpose. The requester acknowledges and accepts the limitations of the Data, including the fact that the Data is dynamic and is in a constant state of maintenance, correction and update</useconst><ptcontac><cntinfo><cntperp><cntper>GIS Service Bureau</cntper><cntorg>Palm Beach County ISS</cntorg></cntperp><cntaddr><addrtype>mailing and physical</addrtype><address>301 N Olive Ave</address><city>West Palm Beach </city><state>FL</state><postal>33401</postal><country>USA</country></cntaddr><cntvoice>561-712-6487/561-233-5490</cntvoice></cntinfo></ptcontac><datacred>Palm Beach County Public Safety Department, Division of Emergency Management</datacred><native>Microsoft Windows 7 Version 6.1 (Build 7601) Service Pack 1; Esri ArcGIS 10.1.0.3035</native></idinfo><dataqual><lineage><procstep><procdesc>SLOSH model to determine where and how much inundation would be located.  Subracted 18&quot; from the modeled areas to determine where greatest inundation would be.  Examined all areas to define a natural boundary to convey to the public.  Data currently is cumulative.  Category 5 polygon encompasses Categories 2-4.</procdesc></procstep><procstep/><procstep/></lineage></dataqual><spdoinfo><direct>Vector</direct><ptvctinf><sdtsterm><sdtstype>GT-polygon composed of chains</sdtstype><ptvctcnt>4</ptvctcnt></sdtsterm></ptvctinf></spdoinfo><spref><horizsys><planar><mapproj><mapprojn>Transverse Mercator</mapprojn><transmer><sfctrmer>0.999941176470588</sfctrmer><longcm>-81</longcm><latprjo>24.3333333333333</latprjo><feast>656166.666667</feast></transmer></mapproj><planci><plance>coordinate pair</plance><coordrep><absres>0.000198412698412698</absres><ordres>0.000198412698412698</ordres></coordrep></planci></planar><geodetic><horizdn>NAD 83 [Continental US]</horizdn><ellips>GRS 80</ellips><semiaxis>6378137</semiaxis><denflat>298.257222101</denflat></geodetic></horizsys><vertdef><altsys/></vertdef></spref><eainfo><detailed><enttyp><enttypl>EVACUATION_AREAS_2012</enttypl></enttyp><attr><attrlabl>OBJECTID</attrlabl><attrdef>Internal feature number.</attrdef><attrdefs>ESRI</attrdefs><attrdomv><udom>Sequential unique whole numbers that are automatically generated.</udom></attrdomv></attr><attr><attrlabl>Shape</attrlabl><attrdef>Feature geometry.</attrdef><attrdefs>Esri</attrdefs><attrdomv><udom>Coordinates defining the features.</udom></attrdomv></attr><attr><attrlabl>CATEGORY</attrlabl><attrdef>Numeric value = to the hurricane storm category</attrdef><attrdefs>NOAA</attrdefs><attrdomv/></attr><attr><attrlabl>FCODE</attrlabl><attrdef>Standard SDE field.  Same as Category for this purpose</attrdef><attrdefs>PBC ISS GIS</attrdefs><attrdomv><udom>Coordinates defining the features.</udom></attrdomv></attr><attr><attrlabl>FNAME</attrlabl><attrdef>Standard SDE field.  Storm Category</attrdef><attrdefs>PBC ISS GIS</attrdefs><attrdomv/></attr><attr><attrlabl>FNUM</attrlabl><attrdef>Standard SDE field</attrdef><attrdefs>PBC ISS GIS</attrdefs><attrdomv/></attr><attr><attrlabl>USER_ID_ENT_BY</attrlabl><attrdef>Standard SDE field.  Person who entered data into SDE</attrdef><attrdefs>PBC ISS GIS</attrdefs><attrdomv/></attr><attr><attrlabl>DT_ENT</attrlabl><attrdef>Standard SDE field.  Date Entered</attrdef><attrdefs>PBC ISS GIS</attrdefs><attrdomv/></attr><attr><attrlabl>DT_CHG</attrlabl><attrdef>Standard SDE field.  Date of change</attrdef><attrdefs>PBC ISS GIS</attrdefs><attrdomv/></attr><attr><attrlabl>USER_ID_CHG_BY</attrlabl><attrdef>Standard SDE field.  User ID changing data</attrdef><attrdefs>PBC ISS GIS</attrdefs><attrdomv/></attr><attr><attrlabl>GEOMETRY_AREA</attrlabl><attrdef>Area of feature in internal units squared</attrdef><attrdefs>ESRI</attrdefs><attrdomv/></attr><attr><attrlabl>GEOMETRY_LEN</attrlabl><attrdef>Length of feature in internal units</attrdef><attrdefs>ESRI</attrdefs><attrdomv/></attr><attr><attrlabl>Shape_Length</attrlabl><attrdef>Length of feature in internal units.</attrdef><attrdefs>Esri</attrdefs><attrdomv><udom>Positive real numbers that are automatically generated.</udom></attrdomv></attr><attr><attrlabl>Shape_Area</attrlabl><attrdef>Area of feature in internal units squared.</attrdef><attrdefs>Esri</attrdefs><attrdomv><udom>Positive real numbers that are automatically generated.</udom></attrdomv></attr></detailed></eainfo><distinfo><distrib><cntinfo><cntperp/><cntaddr/></cntinfo></distrib></distinfo><metainfo><metd>20160318</metd><metc><cntinfo><cntorgp><cntorg>Palm Beach County ISS</cntorg><cntper>GIS Service Bureau</cntper></cntorgp><cntaddr><addrtype>mailing and physical</addrtype><city>West Palm Beach</city><state>FL</state><postal>33401</postal></cntaddr><cntvoice>(561)233-5305</cntvoice></cntinfo></metc><metstdn>FGDC Content Standard for Digital Geospatial Metadata</metstdn><metstdv>FGDC-STD-001-1998</metstdv><mettc>local time</mettc></metainfo></metadata>