<?xml version="1.0" encoding="UTF-8"?>
<metadata xml:lang="en"><Esri><CreaDate>20190926</CreaDate><CreaTime>16574800</CreaTime><SyncOnce>FALSE</SyncOnce><SyncDate>20170130</SyncDate><SyncTime>12375100</SyncTime><ModDate>20170130</ModDate><ModTime>12375100</ModTime><DataProperties><lineage><Process ToolSource="C:\Program Files\ArcGIS\ArcToolbox\Toolboxes\Conversion Tools.tbx\FeatureClassToFeatureClass" Date="20100518" Time="072553" Name="" export="">FeatureClassToFeatureClass P:\Map\EM\NewEvac2010.shp "Database Connections\gisadmin.sde\gisdata.GISADMIN.EmergencyPrep" Evac2010 # "Id 'Id' true true false 6 Long 0 6 ,First,#,P:\Map\EM\NewEvac2010.shp,Id,-1,-1;EVAC 'EVAC' true true false 10 Text 0 0 ,First,#,P:\Map\EM\NewEvac2010.shp,EVAC,-1,-1" # "Database Connections\gisadmin.sde\gisdata.GISADMIN.EmergencyPrep\gisdata.GISADMIN.Evac2010"</Process><Process ToolSource="C:\Program Files (x86)\ArcGIS\Desktop10.0\ArcToolbox\Toolboxes\Conversion Tools.tbx\FeatureClassToFeatureClass" Date="20131002" Time="145001" Name="" export="">FeatureClassToFeatureClass "P:\Map\EM\Evac2012\10012013\New File Geodatabase.gdb\CurrentEvacZonesCrackFix" "Database Connections\gisadmin_on_srcgis.sde\gisdata.GISADMIN.EmergencyPrep" evaczonefix # "OBJECTID "OBJECTID" true true false 8 Double 0 0 ,First,#,P:\Map\EM\Evac2012\10012013\New File Geodatabase.gdb\CurrentEvacZonesCrackFix,OBJECTID,-1,-1;Id "Id" true true false 8 Double 0 0 ,First,#,P:\Map\EM\Evac2012\10012013\New File Geodatabase.gdb\CurrentEvacZonesCrackFix,Id,-1,-1;EVAC "EVAC" true true false 10 Text 0 0 ,First,#,P:\Map\EM\Evac2012\10012013\New File Geodatabase.gdb\CurrentEvacZonesCrackFix,EVAC,-1,-1;Informatio "Informatio" true true false 200 Text 0 0 ,First,#,P:\Map\EM\Evac2012\10012013\New File Geodatabase.gdb\CurrentEvacZonesCrackFix,Informatio,-1,-1;EVACINFO "EVACINFO" true true false 200 Text 0 0 ,First,#,P:\Map\EM\Evac2012\10012013\New File Geodatabase.gdb\CurrentEvacZonesCrackFix,EVACINFO,-1,-1;Shape_Length "Shape_Length" false true true 8 Double 0 0 ,First,#,P:\Map\EM\Evac2012\10012013\New File Geodatabase.gdb\CurrentEvacZonesCrackFix,Shape_Length,-1,-1;Shape_Area "Shape_Area" false true true 8 Double 0 0 ,First,#,P:\Map\EM\Evac2012\10012013\New File Geodatabase.gdb\CurrentEvacZonesCrackFix,Shape_Area,-1,-1" #</Process></lineage><itemProps><itemName Sync="TRUE">gisdata.GISADMIN.EvacuationZones</itemName><imsContentType Sync="TRUE">002</imsContentType><nativeExtBox><westBL Sync="TRUE">1082742.463553</westBL><eastBL Sync="TRUE">1247341.913553</eastBL><southBL Sync="TRUE">498200.892750</southBL><northBL Sync="TRUE">672453.202000</northBL><exTypeCode Sync="TRUE">1</exTypeCode></nativeExtBox><itemLocation><linkage Sync="TRUE">Server=192.168.95.99; Service=sde:sqlserver:192.168.95.99; Database=GISDATA; User=gisadmin; Version=sde.DEFAULT</linkage><protocol Sync="TRUE">ArcSDE Connection</protocol></itemLocation></itemProps><coordRef><type Sync="TRUE">Projected</type><geogcsn Sync="TRUE">GCS_North_American_1983</geogcsn><projcsn Sync="TRUE">NAD_1983_StatePlane_Florida_North_FIPS_0903_Feet</projcsn><peXml Sync="TRUE">&lt;ProjectedCoordinateSystem xsi:type='typens:ProjectedCoordinateSystem' xmlns:xsi='http://www.w3.org/2001/XMLSchema-instance' xmlns:xs='http://www.w3.org/2001/XMLSchema' xmlns:typens='http://www.esri.com/schemas/ArcGIS/10.1'&gt;&lt;WKT&gt;PROJCS[&amp;quot;NAD_1983_StatePlane_Florida_North_FIPS_0903_Feet&amp;quot;,GEOGCS[&amp;quot;GCS_North_American_1983&amp;quot;,DATUM[&amp;quot;D_North_American_1983&amp;quot;,SPHEROID[&amp;quot;GRS_1980&amp;quot;,6378137.0,298.257222101]],PRIMEM[&amp;quot;Greenwich&amp;quot;,0.0],UNIT[&amp;quot;Degree&amp;quot;,0.0174532925199433]],PROJECTION[&amp;quot;Lambert_Conformal_Conic&amp;quot;],PARAMETER[&amp;quot;False_Easting&amp;quot;,1968500.0],PARAMETER[&amp;quot;False_Northing&amp;quot;,0.0],PARAMETER[&amp;quot;Central_Meridian&amp;quot;,-84.5],PARAMETER[&amp;quot;Standard_Parallel_1&amp;quot;,29.58333333333333],PARAMETER[&amp;quot;Standard_Parallel_2&amp;quot;,30.75],PARAMETER[&amp;quot;Latitude_Of_Origin&amp;quot;,29.0],UNIT[&amp;quot;Foot_US&amp;quot;,0.3048006096012192],AUTHORITY[&amp;quot;EPSG&amp;quot;,2238]]&lt;/WKT&gt;&lt;XOrigin&gt;-125938999.99994665&lt;/XOrigin&gt;&lt;YOrigin&gt;-91453300&lt;/YOrigin&gt;&lt;XYScale&gt;4000&lt;/XYScale&gt;&lt;ZOrigin&gt;0&lt;/ZOrigin&gt;&lt;ZScale&gt;1&lt;/ZScale&gt;&lt;MOrigin&gt;0&lt;/MOrigin&gt;&lt;MScale&gt;1&lt;/MScale&gt;&lt;XYTolerance&gt;0.002&lt;/XYTolerance&gt;&lt;ZTolerance&gt;2&lt;/ZTolerance&gt;&lt;MTolerance&gt;2&lt;/MTolerance&gt;&lt;HighPrecision&gt;true&lt;/HighPrecision&gt;&lt;WKID&gt;102660&lt;/WKID&gt;&lt;LatestWKID&gt;2238&lt;/LatestWKID&gt;&lt;/ProjectedCoordinateSystem&gt;</peXml><csUnits Sync="TRUE">Linear Unit: Foot_US (0.304801)</csUnits></coordRef></DataProperties><ArcGISProfile>ItemDescription</ArcGISProfile><ArcGISFormat>1.0</ArcGISFormat><ArcGISstyle>FGDC CSDGM Metadata</ArcGISstyle><scaleRange><minScale>150000000</minScale><maxScale>5000</maxScale></scaleRange></Esri><idinfo><native Sync="TRUE">Microsoft Windows Vista Version 6.1 (Build 7600) ; ESRI ArcCatalog 9.3.1.4000</native><descript><langdata Sync="TRUE">en</langdata><abstract>Evacuation Zones, Santa Rosa County, Florida</abstract><purpose>Guide to resident evacuation during threat of hurricane/tropical storm conditions.</purpose><supplinf>This layer was created based on the Florida Statewide Regional Evacuation Study Update,
where a polygon shapefile or featureset depicting Surge Zones, was created using a Surge Modeling application created for the Florida Statewide Regional Evacuation Update Study.  The data was derived from National Hurricane Center SLOSH model runs on the parabolic basin for this particular region in Florida.  The runs create outputs for all different storm simulations from all points of the compass.  Each direction has a MEOW (maximum envelope of water) for each category of storm (1-5), and all directions combined result in a MOMs (maximum of maximums) set of data. The MOMs are used in this surge model.
 
The application uses three input parameters or data: elevation (from LIDAR), SLOSH basin results, and contiguous shoreline or sea polygons.  The LIDAR data used has been converted to a DEM with 5ft pixel resolution.  All processing takes place at the same raster resolution, so the resulting surge polygons (if 5ft) are a spline curve-fitting representation loosely following the outer third of each pixel.  The shoreline features are used to process only contiguous surge zones for each category storm, so there are no lower surge "islands" in the interior of the surge output features.

9/7/10-EVACINFO Attribute added to correspond with legend laid out by EM.</supplinf></descript><citation><citeinfo><origin>REQUIRED: The name of an organization or individual that developed the data set.</origin><pubdate>REQUIRED: The date when the data set is published or otherwise made available for release.</pubdate><title Sync="TRUE">gisdata.GISADMIN.EvacuationZones</title><ftname Sync="TRUE">gisdata.GISADMIN.EvacuationZones</ftname><geoform Sync="TRUE">vector digital data</geoform><onlink Sync="TRUE">Server=192.168.1.9; Service=sde:sqlserver:192.168.1.9; Database=gisdata; User=gisadmin; Version=sde.DEFAULT</onlink></citeinfo></citation><timeperd><current>REQUIRED: The basis on which the time period of content information is determined.</current><timeinfo><sngdate><caldate>REQUIRED: The year (and optionally month, or month and day) for which the data set corresponds to the ground.</caldate></sngdate></timeinfo></timeperd><status><progress>REQUIRED: The state of the data set.</progress><update>REQUIRED: The frequency with which changes and additions are made to the data set after the initial data set is completed.</update></status><spdom><bounding><westbc Sync="TRUE">-87.321816</westbc><eastbc Sync="TRUE">-86.786467</eastbc><northbc Sync="TRUE">30.829024</northbc><southbc Sync="TRUE">30.339918</southbc></bounding><lboundng><leftbc Sync="TRUE">1082742.463553</leftbc><rightbc Sync="TRUE">1247341.913553</rightbc><bottombc Sync="TRUE">498200.892750</bottombc><topbc Sync="TRUE">672453.202000</topbc></lboundng></spdom><keywords><theme><themekt>REQUIRED: Reference to a formally registered thesaurus or a similar authoritative source of theme keywords.</themekt><themekey>REQUIRED: Common-use word or phrase used to describe the subject of the data set.</themekey></theme></keywords><accconst>REQUIRED: Restrictions and legal prerequisites for accessing the data set.</accconst><useconst>REQUIRED: Restrictions and legal prerequisites for using the data set after access is granted.</useconst><natvform Sync="TRUE">SDE Feature Class</natvform></idinfo><dataIdInfo><envirDesc Sync="TRUE">Microsoft Windows 7 Version 6.1 (Build 7601) Service Pack 1; Esri ArcGIS 10.2.2.3552</envirDesc><dataLang><languageCode Sync="TRUE" value="eng" country="US"/><countryCode value="USA" Sync="TRUE"/></dataLang><idCitation><resTitle Sync="TRUE">gisdata.GISADMIN.EvacuationZones</resTitle><presForm><PresFormCd Sync="TRUE" value="005"/></presForm></idCitation><spatRpType><SpatRepTypCd Sync="TRUE" value="001"/></spatRpType><dataExt><geoEle xmlns=""><GeoBndBox esriExtentType="search"><westBL Sync="TRUE">-87.321816</westBL><eastBL Sync="TRUE">-86.786467</eastBL><northBL Sync="TRUE">30.829024</northBL><southBL Sync="TRUE">30.339918</southBL><exTypeCode Sync="TRUE">1</exTypeCode></GeoBndBox></geoEle></dataExt><geoBox esriExtentType="decdegrees"><westBL Sync="TRUE">-87.321816</westBL><eastBL Sync="TRUE">-86.786467</eastBL><northBL Sync="TRUE">30.829024</northBL><southBL Sync="TRUE">30.339918</southBL><exTypeCode Sync="TRUE">1</exTypeCode></geoBox><descKeys><thesaName uuidref="723f6998-058e-11dc-8314-0800200c9a66"/><keyword Sync="TRUE">002</keyword></descKeys><idPurp>Guide to resident evacuation during threat of hurricane/tropical storm conditions.</idPurp><idAbs>&lt;DIV STYLE="text-align:Left;"&gt;&lt;DIV&gt;&lt;DIV&gt;&lt;P&gt;&lt;SPAN&gt;Evacuation Zones, Santa Rosa County, Florida. Zone A - Evacuate for all hurricanes and if ordered to do so, for tropical storms. Zone B - Evacuate for hurricane category 1-5. Zone C - Evacuate for hurricane category 2-5. Zone D - Evacuate for hurricane category 3-5. Zone E - Evacuate for hurricane category 4 &amp;amp; 5. ALL MOBILE HOME RESIDENTS SHOULD EVACUATE. &lt;/SPAN&gt;&lt;/P&gt;&lt;/DIV&gt;&lt;/DIV&gt;&lt;/DIV&gt;</idAbs><resConst><Consts><useLimit>&lt;DIV STYLE="text-align:Left;"&gt;&lt;DIV&gt;&lt;DIV&gt;&lt;P&gt;&lt;SPAN&gt;Disclaimer: The GIS maps and data distributed by the Santa Rosa County BOCC departments are derived from a variety of public and private sector sources considered to be dependable, but the accuracy, completeness, and currency thereof are not guaranteed. The Santa Rosa County Commission makes no warranties, expressed or implied, as to the accuracy, completeness, currency, reliability, or suitability for any particular purpose of information or data contained in or generated from the County Geographic Database. Additionally, the Santa Rosa Commission or any agent, servant, or employee thereof assume no liability associated with the use of this data, and assume no responsibility to maintain it in any matter or form. For further map assistance, call 850-983-1840 or email: gisupdates@santarosa.fl.gov. SRC mapping website: http://santarosa.fl.gov/gis The metadata must be transmitted along with the data if the data is further distributed. The recipient may not transfer this data to others without also transferring the Distribution-Liability information.&lt;/SPAN&gt;&lt;/P&gt;&lt;/DIV&gt;&lt;/DIV&gt;&lt;/DIV&gt;</useLimit></Consts></resConst><searchKeys><keyword>Emergency Prep</keyword><keyword>Hurricanes</keyword><keyword>Santa Rosa County</keyword><keyword>EOC</keyword><keyword>911</keyword></searchKeys></dataIdInfo><metainfo><langmeta Sync="TRUE">en</langmeta><metstdn Sync="TRUE">FGDC Content Standards for Digital Geospatial Metadata</metstdn><metstdv Sync="TRUE">FGDC-STD-001-1998</metstdv><mettc Sync="TRUE">local time</mettc><metc><cntinfo><cntorgp><cntper>REQUIRED: The person responsible for the metadata information.</cntper><cntorg>REQUIRED: The organization responsible for the metadata information.</cntorg></cntorgp><cntaddr><addrtype>REQUIRED: The mailing and/or physical address for the organization or individual.</addrtype><city>REQUIRED: The city of the address.</city><state>REQUIRED: The state or province of the address.</state><postal>REQUIRED: The ZIP or other postal code of the address.</postal></cntaddr><cntvoice>REQUIRED: The telephone number by which individuals can speak to the organization or individual.</cntvoice></cntinfo></metc><metd Sync="TRUE">20100907</metd></metainfo><mdLang><languageCode Sync="TRUE" value="eng"/><countryCode value="USA" Sync="TRUE"/></mdLang><mdStanName Sync="TRUE">ISO 19115 Geographic Information - Metadata</mdStanName><mdStanVer Sync="TRUE">DIS_ESRI1.0</mdStanVer><mdChar><CharSetCd Sync="TRUE" value="004"/></mdChar><mdHrLv><ScopeCd Sync="TRUE" value="005"/></mdHrLv><mdHrLvName Sync="TRUE">dataset</mdHrLvName><distinfo><resdesc Sync="TRUE">Downloadable Data</resdesc></distinfo><distInfo><distributor><distorTran><onLineSrc><orDesc Sync="TRUE">002</orDesc><linkage Sync="TRUE">Server=192.168.1.9; Service=sde:sqlserver:192.168.1.9; Database=gisdata; User=gisadmin; Version=sde.DEFAULT</linkage><protocol Sync="TRUE">ArcSDE Connection</protocol></onLineSrc></distorTran><distorFormat><formatName Sync="TRUE">SDE Feature Class</formatName></distorFormat></distributor><distFormat><formatName Sync="TRUE">SDE Feature Class</formatName></distFormat></distInfo><spdoinfo><direct Sync="TRUE">Vector</direct><ptvctinf><esriterm Name="gisdata.GISADMIN.EvacuationZones"><efeatyp Sync="TRUE">Simple</efeatyp><efeageom code="4" Sync="TRUE"/><esritopo Sync="TRUE">FALSE</esritopo><efeacnt Sync="TRUE">1637</efeacnt><spindex Sync="TRUE">TRUE</spindex><linrefer Sync="TRUE">FALSE</linrefer></esriterm></ptvctinf></spdoinfo><spref><horizsys><cordsysn><geogcsn Sync="TRUE">GCS_North_American_1983</geogcsn><projcsn Sync="TRUE">NAD_1983_StatePlane_Florida_North_FIPS_0903_Feet</projcsn></cordsysn><planar><planci><plance Sync="TRUE">coordinate pair</plance><plandu Sync="TRUE">survey feet</plandu><coordrep><absres Sync="TRUE">0.000250</absres><ordres Sync="TRUE">0.000250</ordres></coordrep></planci></planar><geodetic><horizdn Sync="TRUE">North American Datum of 1983</horizdn><ellips Sync="TRUE">Geodetic Reference System 80</ellips><semiaxis Sync="TRUE">6378137.000000</semiaxis><denflat Sync="TRUE">298.257222</denflat></geodetic></horizsys><vertdef><altsys><altenc Sync="TRUE">Explicit elevation coordinate included with horizontal coordinates</altenc><altres Sync="TRUE">1.000000</altres></altsys></vertdef></spref><refSysInfo><RefSystem><refSysID><identCode Sync="TRUE" code="2238" value="2238">NAD_1983_StatePlane_Florida_North_FIPS_0903_Feet</identCode><idCodeSpace Sync="TRUE">EPSG</idCodeSpace><idVersion Sync="TRUE">8.2.6</idVersion></refSysID></RefSystem></refSysInfo><spatRepInfo><VectSpatRep><geometObjs Name="gisdata.GISADMIN.EvacuationZones"><geoObjTyp><GeoObjTypCd value="002" Sync="TRUE"/></geoObjTyp><geoObjCnt Sync="TRUE">1637</geoObjCnt></geometObjs><topLvl><TopoLevCd value="001" Sync="TRUE"/></topLvl></VectSpatRep></spatRepInfo><eainfo><detailed Name="gisdata.GISADMIN.EvacuationZones"><enttyp><enttypl Sync="TRUE">gisdata.GISADMIN.EvacuationZones</enttypl><enttypt Sync="TRUE">Feature Class</enttypt><enttypc Sync="TRUE">1637</enttypc></enttyp><attr><attrlabl Sync="TRUE">OBJECTID_1</attrlabl><attalias Sync="TRUE">OBJECTID_1</attalias><attrtype Sync="TRUE">OID</attrtype><attwidth Sync="TRUE">4</attwidth><atprecis Sync="TRUE">10</atprecis><attscale Sync="TRUE">0</attscale><attrdef Sync="TRUE">Internal feature number.</attrdef><attrdefs Sync="TRUE">ESRI</attrdefs><attrdomv><udom Sync="TRUE">Sequential unique whole numbers that are automatically generated.</udom></attrdomv></attr><attr><attrlabl Sync="TRUE">OBJECTID</attrlabl><attalias Sync="TRUE">OBJECTID</attalias><attrtype Sync="TRUE">Double</attrtype><attwidth Sync="TRUE">8</attwidth><atprecis Sync="TRUE">38</atprecis><attscale Sync="TRUE">8</attscale><attrdef Sync="TRUE">Internal feature number.</attrdef><attrdefs Sync="TRUE">ESRI</attrdefs><attrdomv><udom Sync="TRUE">Sequential unique whole numbers that are automatically generated.</udom></attrdomv></attr><attr><attrlabl Sync="TRUE">Id</attrlabl><attalias Sync="TRUE">Id</attalias><attrtype Sync="TRUE">Double</attrtype><attwidth Sync="TRUE">8</attwidth><atprecis Sync="TRUE">38</atprecis><attscale Sync="TRUE">8</attscale></attr><attr><attrlabl Sync="TRUE">EVAC</attrlabl><attalias Sync="TRUE">EVAC</attalias><attrtype Sync="TRUE">String</attrtype><attwidth Sync="TRUE">10</attwidth><atprecis Sync="TRUE">0</atprecis><attscale Sync="TRUE">0</attscale></attr><attr><attrlabl Sync="TRUE">Informatio</attrlabl><attalias Sync="TRUE">Informatio</attalias><attrtype Sync="TRUE">String</attrtype><attwidth Sync="TRUE">200</attwidth><atprecis Sync="TRUE">0</atprecis><attscale Sync="TRUE">0</attscale></attr><attr><attrlabl Sync="TRUE">Shape</attrlabl><attalias Sync="TRUE">Shape</attalias><attrtype Sync="TRUE">Geometry</attrtype><attwidth Sync="TRUE">4</attwidth><atprecis Sync="TRUE">0</atprecis><attscale Sync="TRUE">0</attscale><attrdef Sync="TRUE">Feature geometry.</attrdef><attrdefs Sync="TRUE">ESRI</attrdefs><attrdomv><udom Sync="TRUE">Coordinates defining the features.</udom></attrdomv></attr><attr><attrlabl Sync="TRUE">EVACINFO</attrlabl><attalias Sync="TRUE">EVACINFO</attalias><attrtype Sync="TRUE">String</attrtype><attwidth Sync="TRUE">200</attwidth><atprecis Sync="TRUE">0</atprecis><attscale Sync="TRUE">0</attscale></attr><attr><attrlabl Sync="TRUE">GlobalID</attrlabl><attalias Sync="TRUE">GlobalID</attalias><attrtype Sync="TRUE">GlobalID</attrtype><attwidth Sync="TRUE">38</attwidth><atprecis Sync="TRUE">0</atprecis><attscale Sync="TRUE">0</attscale></attr><attr><attrlabl Sync="TRUE">Shape.area</attrlabl><attalias Sync="TRUE">Shape.area</attalias><attrtype Sync="TRUE">Double</attrtype><attwidth Sync="TRUE">0</attwidth><atprecis Sync="TRUE">0</atprecis><attscale Sync="TRUE">0</attscale></attr><attr><attrlabl Sync="TRUE">Shape.len</attrlabl><attalias Sync="TRUE">Shape.len</attalias><attrtype Sync="TRUE">Double</attrtype><attwidth Sync="TRUE">0</attwidth><atprecis Sync="TRUE">0</atprecis><attscale Sync="TRUE">0</attscale></attr></detailed></eainfo><mdDateSt Sync="TRUE">20170130</mdDateSt></metadata>
