<?xml version="1.0" encoding="UTF-8"?>
<metadata xml:lang="en"><Esri><CreaDate>20190916</CreaDate><CreaTime>10044900</CreaTime><SyncOnce>FALSE</SyncOnce><SyncDate>20190916</SyncDate><SyncTime>09342600</SyncTime><ModDate>20190916</ModDate><ModTime>09342600</ModTime><ArcGISFormat>1.0</ArcGISFormat><DataProperties><lineage><Process ToolSource="C:\Program Files (x86)\ArcGIS\Desktop10.0\ArcToolbox\Toolboxes\Data Management Tools.tbx\CalculateField" Date="20130508" Time="100144">CalculateField F_zones ZONE [Category] VB #</Process><Process ToolSource="c:\program files (x86)\arcgis\desktop10.0\ArcToolbox\Toolboxes\Data Management Tools.tbx\Merge" Date="20130508" Time="100408">Merge 'DOT Major Region Trans\F_zones';'DOT Major Region Trans\Duval_EvacZones_draft2013' "N:\SRESP\2012_update\2013 Evacuation Zones\Duval\FINAL_evaczones2013.shp" "ID "ID" true true false 8 Long 0 8 ,First,#,DOT Major Region Trans\F_zones,ID,-1,-1,DOT Major Region Trans\Duval_EvacZones_draft2013,Id,-1,-1;Category "Category" true true false 10 Text 0 0 ,First,#,DOT Major Region Trans\F_zones,Category,-1,-1,DOT Major Region Trans\Duval_EvacZones_draft2013,Category,-1,-1"</Process><Process ToolSource="c:\program files (x86)\arcgis\desktop10.1\ArcToolbox\Toolboxes\Data Management Tools.tbx\CalculateField" Date="20140319" Time="152421">CalculateField Duval_Evaczones Category B VB #</Process><Process ToolSource="c:\program files (x86)\arcgis\desktop10.1\ArcToolbox\Toolboxes\Data Management Tools.tbx\CalculateField" Date="20140319" Time="152439">CalculateField Duval_Evaczones Category "B" VB #</Process><Process ToolSource="c:\program files (x86)\arcgis\desktop10.1\ArcToolbox\Toolboxes\Data Management Tools.tbx\CalculateField" Date="20140407" Time="085850">CalculateField FINAL_evaczones2013 TYPE [Category] VB #</Process><Process ToolSource="c:\program files (x86)\arcgis\desktop10.1\ArcToolbox\Toolboxes\Data Management Tools.tbx\CalculateField" Date="20140407" Time="090152">CalculateField FINAL_evaczones2013 TYPE1 ""ZONE"&amp; " "&amp; [TYPE]" VB #</Process><Process ToolSource="c:\program files (x86)\arcgis\desktop10.1\ArcToolbox\Toolboxes\Data Management Tools.tbx\Dissolve" Date="20140407" Time="091338">Dissolve FINAL_evaczones2013 C:\Users\hlam\Documents\FINAL_evaczones2013_Dissolve1.shp TYPE1 # MULTI_PART DISSOLVE_LINES</Process><Process ToolSource="c:\program files (x86)\arcgis\desktop10.1\ArcToolbox\Toolboxes\Data Management Tools.tbx\CalculateField" Date="20140407" Time="091818">CalculateField FINAL_evaczones2013_Dissolve1 TYPE [TYPE1] VB #</Process><Process ToolSource="c:\program files (x86)\arcgis\desktop10.1\ArcToolbox\Toolboxes\Data Management Tools.tbx\CalculateField" Date="20140407" Time="093654">CalculateField EVAC_ZONES_APF_2014 EVAC_TYPE [TYPE] VB #</Process><Process ToolSource="c:\program files (x86)\arcgis\desktop10.1\ArcToolbox\Toolboxes\Conversion Tools.tbx\FeatureClassToFeatureClass" Date="20140407" Time="093916">FeatureClassToFeatureClass C:\EVAC_ZONES_APF_2014.shp "Database Connections\SQL.JAXAPFADMIN@itdsqldev02.sde\JAXGIS.JAXAPF.CityMap" EC_EVACZONE_NEW # "EVAC_TYPE "EVAC_TYPE" true true false 6 Text 0 0 ,First,#,C:\EVAC_ZONES_APF_2014.shp,EVAC_TYPE,-1,-1" #</Process><Process ToolSource="c:\program files (x86)\arcgis\desktop10.1\ArcToolbox\Toolboxes\Conversion Tools.tbx\FeatureClassToFeatureClass" Date="20141015" Time="095227">FeatureClassToFeatureClass evac_modify "Database Connections\SQL.JAXAPFADMIN@itdsqldev02.sde\JAXGIS.JAXAPF.CityMap" evac_modify # "OBJECTID "OBJECTID" true true false 10 Double 0 10 ,First,#,C:\evac_modify.shp,OBJECTID,-1,-1;EVAC_TYPE "EVAC_TYPE" true true false 6 Text 0 0 ,First,#,C:\evac_modify.shp,EVAC_TYPE,-1,-1;Shape_area "Shape_area" true true false 19 Double 0 0 ,First,#,C:\evac_modify.shp,Shape_area,-1,-1;Shape_len "Shape_len" true true false 19 Double 0 0 ,First,#,C:\evac_modify.shp,Shape_len,-1,-1" #</Process><Process ToolSource="c:\program files (x86)\arcgis\desktop10.3\ArcToolbox\Toolboxes\Data Management Tools.tbx\CalculateField" Date="20160226" Time="071240">CalculateField EvacuationZone EVAC [EVAC_TYPE] VB #</Process><Process ToolSource="c:\program files (x86)\arcgis\desktop10.4\ArcToolbox\Toolboxes\Data Management Tools.tbx\CalculateField" Date="20170825" Time="131621">CalculateField JAXGIS.WEBDATA.EVACUATIONZONE_new EVAC_TYPE [EVAC] VB #</Process><Process ToolSource="c:\program files (x86)\arcgis\desktop10.4\ArcToolbox\Toolboxes\Data Management Tools.tbx\CalculateField" Date="20170829" Time="090550">CalculateField ZoneA_Clip EVAC_TYPE "ZONE A" VB #</Process><Process ToolSource="c:\program files (x86)\arcgis\desktop10.4\ArcToolbox\Toolboxes\Data Management Tools.tbx\Dissolve" Date="20170829" Time="090641">Dissolve ZoneA_Clip C:\Users\ecarey\Documents\ArcGIS\Projects\EOC\EVAC.gdb\ZoneA_Dissolve EVAC_TYPE # MULTI_PART DISSOLVE_LINES</Process><Process ToolSource="c:\program files (x86)\arcgis\desktop10.4\ArcToolbox\Toolboxes\Data Management Tools.tbx\Dissolve" Date="20170829" Time="092328">Dissolve ZoneA_Dissolve C:\Users\ecarey\Documents\ArcGIS\Projects\EOC\EVAC.gdb\ZoneA_Dissolve2 EVAC_TYPE # MULTI_PART DISSOLVE_LINES</Process><Process ToolSource="c:\program files (x86)\arcgis\desktop10.4\ArcToolbox\Toolboxes\Data Management Tools.tbx\Merge" Date="20170829" Time="092500">Merge ZoneA_Dissolve2;ZoneB_Dissolve;ZoneC_Dissovle;ZoneD_Dissolve;ZoneE_Dissolve;ZoneF_EraseABCDE C:\Users\ecarey\Documents\ArcGIS\Projects\EOC\EVAC.gdb\EVACUATIONZONES "EVAC_TYPE "EVAC_TYPE" true true false 6 Text 0 0 ,First,#,ZoneA_Dissolve2,EVAC_TYPE,-1,-1,ZoneB_Dissolve,EVAC_TYPE,-1,-1,ZoneC_Dissovle,EVAC_TYPE,-1,-1,ZoneD_Dissolve,EVAC_TYPE,-1,-1,ZoneE_Dissolve,EVAC_TYPE,-1,-1,ZoneF_EraseABCDE,EVAC_TYPE,-1,-1;Shape_Length "Shape_Length" false true true 8 Double 0 0 ,First,#,ZoneA_Dissolve2,Shape_Length,-1,-1,ZoneB_Dissolve,Shape_Length,-1,-1,ZoneC_Dissovle,Shape_Length,-1,-1,ZoneD_Dissolve,Shape_Length,-1,-1,ZoneE_Dissolve,Shape_Length,-1,-1,ZoneF_EraseABCDE,Shape_Length,-1,-1;Shape_Area "Shape_Area" false true true 8 Double 0 0 ,First,#,ZoneA_Dissolve2,Shape_Area,-1,-1,ZoneB_Dissolve,Shape_Area,-1,-1,ZoneC_Dissovle,Shape_Area,-1,-1,ZoneD_Dissolve,Shape_Area,-1,-1,ZoneE_Dissolve,Shape_Area,-1,-1,ZoneF_EraseABCDE,Shape_Area,-1,-1"</Process></lineage><itemProps><itemName Sync="TRUE">EVACUATIONZONE</itemName><imsContentType Sync="TRUE">002</imsContentType><itemSize Sync="TRUE">0.000</itemSize><itemLocation><linkage Sync="TRUE">file://\\AFITMJ0604FS\C$\Users\andym\Desktop\Evacuation\EVACUATIONZONE</linkage><protocol Sync="TRUE">Local Area Network</protocol></itemLocation></itemProps><coordRef><type Sync="TRUE">Projected</type><geogcsn Sync="TRUE">GCS_WGS_1984</geogcsn><csUnits Sync="TRUE">Linear Unit: Meter (1.000000)</csUnits><projcsn Sync="TRUE">WGS_1984_Web_Mercator_Auxiliary_Sphere</projcsn><peXml Sync="TRUE">&lt;ProjectedCoordinateSystem xsi:type='typens:ProjectedCoordinateSystem' xmlns:xsi='http://www.w3.org/2001/XMLSchema-instance' xmlns:xs='http://www.w3.org/2001/XMLSchema' xmlns:typens='http://www.esri.com/schemas/ArcGIS/10.3'&gt;&lt;WKT&gt;PROJCS[&amp;quot;WGS_1984_Web_Mercator_Auxiliary_Sphere&amp;quot;,GEOGCS[&amp;quot;GCS_WGS_1984&amp;quot;,DATUM[&amp;quot;D_WGS_1984&amp;quot;,SPHEROID[&amp;quot;WGS_1984&amp;quot;,6378137.0,298.257223563]],PRIMEM[&amp;quot;Greenwich&amp;quot;,0.0],UNIT[&amp;quot;Degree&amp;quot;,0.0174532925199433]],PROJECTION[&amp;quot;Mercator_Auxiliary_Sphere&amp;quot;],PARAMETER[&amp;quot;False_Easting&amp;quot;,0.0],PARAMETER[&amp;quot;False_Northing&amp;quot;,0.0],PARAMETER[&amp;quot;Central_Meridian&amp;quot;,0.0],PARAMETER[&amp;quot;Standard_Parallel_1&amp;quot;,0.0],PARAMETER[&amp;quot;Auxiliary_Sphere_Type&amp;quot;,0.0],UNIT[&amp;quot;Meter&amp;quot;,1.0],AUTHORITY[&amp;quot;EPSG&amp;quot;,3857]]&lt;/WKT&gt;&lt;XOrigin&gt;-20037700&lt;/XOrigin&gt;&lt;YOrigin&gt;-30241100&lt;/YOrigin&gt;&lt;XYScale&gt;148923141.92838538&lt;/XYScale&gt;&lt;ZOrigin&gt;-100000&lt;/ZOrigin&gt;&lt;ZScale&gt;10000&lt;/ZScale&gt;&lt;MOrigin&gt;-100000&lt;/MOrigin&gt;&lt;MScale&gt;10000&lt;/MScale&gt;&lt;XYTolerance&gt;0.001&lt;/XYTolerance&gt;&lt;ZTolerance&gt;0.001&lt;/ZTolerance&gt;&lt;MTolerance&gt;0.001&lt;/MTolerance&gt;&lt;HighPrecision&gt;true&lt;/HighPrecision&gt;&lt;WKID&gt;102100&lt;/WKID&gt;&lt;LatestWKID&gt;3857&lt;/LatestWKID&gt;&lt;/ProjectedCoordinateSystem&gt;</peXml></coordRef><copyHistory><copy source="O:\arcgis_projects\Update_SDE_layers\export_from_sde\WEBDATA\EVACUATIONZONE" dest="\\AFITMJ0604FS\C$\Users\andym\Desktop\Evacuation\EVACUATIONZONE" date="20190916" time="10044900"/></copyHistory></DataProperties></Esri><idinfo><citation><citeinfo><onlink Sync="TRUE">\\Fs2\GIS\Atlas\Solaris\Duval\Public Safety\hurricane_evac_surge\DuvalEvacZones</onlink><origin>REQUIRED: The name of an organization or individual that developed the data set.</origin><pubdate>REQUIRED: The date when the data set is published or otherwise made available for release.</pubdate><title Sync="TRUE">DuvalEvacZones</title><ftname Sync="TRUE">DuvalEvacZones</ftname><geoform Sync="TRUE">vector digital data</geoform></citeinfo></citation><native Sync="TRUE">Microsoft Windows XP Version 5.1 (Build 2600) Service Pack 2; ESRI ArcCatalog 9.1.0.722</native><descript><langdata Sync="TRUE">en</langdata><abstract>REQUIRED: A brief narrative summary of the data set.</abstract><purpose>REQUIRED: A summary of the intentions with which the data set was developed.</purpose></descript><timeperd><current>REQUIRED: The basis on which the time period of content information is determined.</current><timeinfo><sngdate><caldate>REQUIRED: The year (and optionally month, or month and day) for which the data set corresponds to the ground.</caldate></sngdate></timeinfo></timeperd><status><progress>REQUIRED: The state of the data set.</progress><update>REQUIRED: The frequency with which changes and additions are made to the data set after the initial data set is completed.</update></status><spdom><bounding><westbc Sync="TRUE">-82.053837</westbc><eastbc Sync="TRUE">-81.379929</eastbc><northbc Sync="TRUE">30.587828</northbc><southbc Sync="TRUE">30.100426</southbc></bounding><lboundng><leftbc Sync="TRUE">324550.383160</leftbc><rightbc Sync="TRUE">536030.474115</rightbc><bottombc Sync="TRUE">2097972.902320</bottombc><topbc Sync="TRUE">2273915.849812</topbc></lboundng></spdom><keywords><theme><themekt>REQUIRED: Reference to a formally registered thesaurus or a similar authoritative source of theme keywords.</themekt><themekey>REQUIRED: Common-use word or phrase used to describe the subject of the data set.</themekey></theme></keywords><accconst>REQUIRED: Restrictions and legal prerequisites for accessing the data set.</accconst><useconst>REQUIRED: Restrictions and legal prerequisites for using the data set after access is granted.</useconst><natvform Sync="TRUE">Shapefile</natvform></idinfo><distInfo><distributor><distorTran><onLineSrc><linkage Sync="TRUE">file://\\Fs2\GIS\Atlas\Solaris\Duval\Public Safety\hurricane_evac_surge\DuvalEvacZones</linkage><protocol Sync="TRUE">Local Area Network</protocol><orDesc Sync="TRUE">002</orDesc></onLineSrc><transSize Sync="TRUE">0.119</transSize></distorTran><distorFormat><formatName Sync="TRUE">Shapefile</formatName></distorFormat></distributor><distFormat><formatName Sync="TRUE">Shapefile</formatName></distFormat><distTranOps><transSize Sync="TRUE">0.000</transSize></distTranOps></distInfo><dataqual><lineage><procstep><procdesc Sync="TRUE">Dataset copied.</procdesc><srcused Sync="TRUE">I:\Projects\091266.01\04Data\Original98Study\DUVAL\DU_ZONE</srcused><date Sync="TRUE">20050316</date><time Sync="TRUE">08563900</time></procstep><procstep><procdesc Sync="TRUE">Dataset moved.</procdesc><srcused Sync="TRUE">I:\Projects\091266.01\04Data\PBSJ\Duval\DU_1998_ZONE</srcused><date Sync="TRUE">20050316</date><time Sync="TRUE">09155000</time></procstep><procstep><procdesc Sync="TRUE">Dataset copied.</procdesc><srcused Sync="TRUE"/><date Sync="TRUE">20050930</date><time Sync="TRUE">09400000</time></procstep><procstep><procdesc Sync="TRUE">Dataset copied.</procdesc><srcused Sync="TRUE"/><date Sync="TRUE">20051010</date><time Sync="TRUE">08540000</time></procstep><procstep><procdesc Sync="TRUE">Dataset copied.</procdesc><srcused Sync="TRUE"/><date Sync="TRUE">20060209</date><time Sync="TRUE">13433100</time></procstep><procstep><procdesc Sync="TRUE">Dataset copied.</procdesc><srcused Sync="TRUE">M:\production\State_Plane_901\regional\evac_zones\pbsj_2005\individual_counties\DuvalEvacZones</srcused><date Sync="TRUE">20061213</date><time Sync="TRUE">16271900</time></procstep></lineage></dataqual><dataIdInfo><envirDesc Sync="TRUE">Microsoft Windows 7 Version 6.1 (Build 7601) Service Pack 1; Esri ArcGIS 10.3.1.4959</envirDesc><dataLang><languageCode Sync="TRUE" value="eng"/><countryCode value="USA" Sync="TRUE"/></dataLang><idCitation><resTitle Sync="TRUE">EVACUATIONZONE</resTitle><presForm><PresFormCd Sync="TRUE" value="005"/></presForm></idCitation><spatRpType><SpatRepTypCd Sync="TRUE" value="001"/></spatRpType><dataExt><geoEle><GeoBndBox esriExtentType="native"><westBL Sync="TRUE">324550.38316</westBL><eastBL Sync="TRUE">536030.474115</eastBL><northBL Sync="TRUE">2273915.849812</northBL><southBL Sync="TRUE">2097972.90232</southBL><exTypeCode Sync="TRUE">1</exTypeCode></GeoBndBox></geoEle></dataExt><geoBox esriExtentType="decdegrees"><westBL Sync="TRUE">-82.053837</westBL><eastBL Sync="TRUE">-81.379929</eastBL><northBL Sync="TRUE">30.587828</northBL><southBL Sync="TRUE">30.100426</southBL><exTypeCode Sync="TRUE">1</exTypeCode></geoBox></dataIdInfo><metainfo><langmeta Sync="TRUE">en</langmeta><metstdn Sync="TRUE">FGDC Content Standards for Digital Geospatial Metadata</metstdn><metstdv Sync="TRUE">FGDC-STD-001-1998</metstdv><mettc Sync="TRUE">local time</mettc><metc><cntinfo><cntorgp><cntper>REQUIRED: The person responsible for the metadata information.</cntper><cntorg>REQUIRED: The organization responsible for the metadata information.</cntorg></cntorgp><cntaddr><addrtype>REQUIRED: The mailing and/or physical address for the organization or individual.</addrtype><city>REQUIRED: The city of the address.</city><state>REQUIRED: The state or province of the address.</state><postal>REQUIRED: The ZIP or other postal code of the address.</postal></cntaddr><cntvoice>REQUIRED: The telephone number by which individuals can speak to the organization or individual.</cntvoice></cntinfo></metc><metd Sync="TRUE">20061213</metd></metainfo><mdLang><languageCode Sync="TRUE" value="eng"/><countryCode value="USA" Sync="TRUE"/></mdLang><mdStanName Sync="TRUE">ISO 19115 Geographic Information - Metadata</mdStanName><mdStanVer Sync="TRUE">DIS_ESRI1.0</mdStanVer><mdChar><CharSetCd Sync="TRUE" value="004"/></mdChar><mdHrLv><ScopeCd Sync="TRUE" value="005"/></mdHrLv><mdHrLvName Sync="TRUE">dataset</mdHrLvName><distinfo><resdesc Sync="TRUE">Downloadable Data</resdesc><stdorder><digform><digtinfo><transize Sync="TRUE">0.119</transize><dssize Sync="TRUE">0.119</dssize></digtinfo></digform></stdorder></distinfo><spdoinfo><direct Sync="TRUE">Vector</direct><ptvctinf><esriterm Name="EVACUATIONZONE"><efeatyp Sync="TRUE">Simple</efeatyp><efeageom code="4" Sync="TRUE"></efeageom><esritopo Sync="TRUE">FALSE</esritopo><efeacnt Sync="TRUE">0</efeacnt><spindex Sync="TRUE">FALSE</spindex><linrefer Sync="TRUE">FALSE</linrefer></esriterm></ptvctinf></spdoinfo><spref><horizsys><cordsysn><geogcsn Sync="TRUE">GCS_North_American_1983</geogcsn><projcsn Sync="TRUE">NAD_1983_StatePlane_Florida_East_FIPS_0901_Feet</projcsn></cordsysn><planar><planci><plance Sync="TRUE">coordinate pair</plance><plandu Sync="TRUE">survey feet</plandu><coordrep><absres Sync="TRUE">0.000512</absres><ordres Sync="TRUE">0.000512</ordres></coordrep></planci></planar><geodetic><horizdn Sync="TRUE">North American Datum of 1983</horizdn><ellips Sync="TRUE">Geodetic Reference System 80</ellips><semiaxis Sync="TRUE">6378137.000000</semiaxis><denflat Sync="TRUE">298.257222</denflat></geodetic></horizsys></spref><refSysInfo><RefSystem><refSysID><identCode Sync="TRUE" value="102113" code="3857">NAD_1983_StatePlane_Florida_East_FIPS_0901_Feet</identCode><idCodeSpace Sync="TRUE">EPSG</idCodeSpace><idVersion Sync="TRUE">8.6.2</idVersion></refSysID></RefSystem></refSysInfo><spatRepInfo><VectSpatRep><geometObjs Name="EVACUATIONZONE"><geoObjTyp><GeoObjTypCd value="002" Sync="TRUE"></GeoObjTypCd></geoObjTyp><geoObjCnt Sync="TRUE">0</geoObjCnt></geometObjs><topLvl><TopoLevCd value="001" Sync="TRUE"></TopoLevCd></topLvl></VectSpatRep></spatRepInfo><eainfo><detailed Name="EVACUATIONZONE"><enttyp><enttypl Sync="TRUE">EVACUATIONZONE</enttypl><enttypt Sync="TRUE">Feature Class</enttypt><enttypc Sync="TRUE">0</enttypc></enttyp><attr><attrlabl Sync="TRUE">FID</attrlabl><attalias Sync="TRUE">FID</attalias><attrtype Sync="TRUE">OID</attrtype><attwidth Sync="TRUE">4</attwidth><atprecis Sync="TRUE">0</atprecis><attscale Sync="TRUE">0</attscale><attrdef Sync="TRUE">Internal feature number.</attrdef><attrdefs Sync="TRUE">Esri</attrdefs><attrdomv><udom Sync="TRUE">Sequential unique whole numbers that are automatically generated.</udom></attrdomv></attr><attr><attrlabl Sync="TRUE">Shape</attrlabl><attalias Sync="TRUE">Shape</attalias><attrtype Sync="TRUE">Geometry</attrtype><attwidth Sync="TRUE">0</attwidth><atprecis Sync="TRUE">0</atprecis><attscale Sync="TRUE">0</attscale><attrdef Sync="TRUE">Feature geometry.</attrdef><attrdefs Sync="TRUE">ESRI</attrdefs><attrdomv><udom Sync="TRUE">Coordinates defining the features.</udom></attrdomv></attr><attr><attrlabl Sync="TRUE">EVAC_TYPE</attrlabl><attalias Sync="TRUE">EVAC_TYPE</attalias><attrtype Sync="TRUE">String</attrtype><attwidth Sync="TRUE">6</attwidth><atprecis Sync="TRUE">0</atprecis><attscale Sync="TRUE">0</attscale></attr><attr><attrlabl Sync="TRUE">Shape_STAr</attrlabl><attalias Sync="TRUE">Shape_STAr</attalias><attrtype Sync="TRUE">Double</attrtype><attwidth Sync="TRUE">19</attwidth><atprecis Sync="TRUE">0</atprecis><attscale Sync="TRUE">0</attscale></attr><attr><attrlabl Sync="TRUE">Shape_STLe</attrlabl><attalias Sync="TRUE">Shape_STLe</attalias><attrtype Sync="TRUE">Double</attrtype><attwidth Sync="TRUE">19</attwidth><atprecis Sync="TRUE">0</atprecis><attscale Sync="TRUE">0</attscale></attr></detailed></eainfo><mdDateSt Sync="TRUE">20190916</mdDateSt></metadata>
