<metadata xml:lang="en"><Esri><CreaDate>20100421</CreaDate><CreaTime>11552900</CreaTime><SyncOnce>FALSE</SyncOnce><SyncDate>20190927</SyncDate><SyncTime>13051100</SyncTime><ModDate>20190927</ModDate><ModTime>13051100</ModTime><DataProperties><lineage><Process ToolSource="C:\Program Files\ArcGIS\ArcToolbox\Toolboxes\Data Management Tools.tbx\Dissolve" Date="20091221" Time="090334">Dissolve Esc_Surge122109 D:\EvacuationStudy\StormSurge\Escambia\Esc_Surge122109_Dissolve1.shp Cat "Area SUM" MULTI_PART DISSOLVE_LINES</Process><Process ToolSource="C:\Program Files\ArcGIS\ArcToolbox\Toolboxes\Analysis Tools.tbx\Clip" Date="20100309" Time="095119">Clip C:\GIS\StormSurge\EmergencyManagement\Esc_Surge122109_D_Copy.shp C:\GIS\County_Outline\County_Admin.shp C:\GIS\StormSurge\EmergencyManagement\Esc_Surge122109_D_Copy_Clip1.shp #</Process><Process ToolSource="C:\Program Files\ArcGIS\ArcToolbox\Toolboxes\Data Management Tools.tbx\Project" Date="20100309" Time="135830">Project CAT1_EVAC C:\temp\CAT1_EVAC_Project.shp PROJCS['NAD_1983_HARN_StatePlane_Florida_North_FIPS_0903_Feet',GEOGCS['GCS_North_American_1983_HARN',DATUM['D_North_American_1983_HARN',SPHEROID['GRS_1980',6378137.0,298.257222101]],PRIMEM['Greenwich',0.0],UNIT['Degree',0.0174532925199433]],PROJECTION['Lambert_Conformal_Conic'],PARAMETER['False_Easting',1968500.0],PARAMETER['False_Northing',0.0],PARAMETER['Central_Meridian',-84.5],PARAMETER['Standard_Parallel_1',29.58333333333333],PARAMETER['Standard_Parallel_2',30.75],PARAMETER['Latitude_Of_Origin',29.0],UNIT['Foot_US',0.3048006096012192]] NAD_1983_To_HARN_Florida PROJCS['NAD_1983_StatePlane_Florida_North_FIPS_0903_Feet',GEOGCS['GCS_North_American_1983',DATUM['D_North_American_1983',SPHEROID['GRS_1980',6378137.0,298.257222101]],PRIMEM['Greenwich',0.0],UNIT['Degree',0.0174532925199433]],PROJECTION['Lambert_Conformal_Conic'],PARAMETER['False_Easting',1968500.0],PARAMETER['False_Northing',0.0],PARAMETER['Central_Meridian',-84.5],PARAMETER['Standard_Parallel_1',29.58333333333333],PARAMETER['Standard_Parallel_2',30.75],PARAMETER['Latitude_Of_Origin',29.0],UNIT['Foot_US',0.3048006096012192]]</Process><Process ToolSource="C:\Program Files\ArcGIS\ArcToolbox\Toolboxes\Data Management Tools.tbx\Append" Date="20100309" Time="141205">Append perdidokey;pcolabeach1 CAT1_EVAC_Project NO_TEST "Cat 'Cat' true false false 254 Text 0 0 ,First,#,C:\temp\perdidokey.shp,Cat,-1,-1,C:\temp\pcolabeach1.shp,Cat,-1,-1;SUM_Area 'SUM_Area' true false false 19 Double 0 0 ,First,#,C:\temp\perdidokey.shp,SUM_Area,-1,-1,C:\temp\pcolabeach1.shp,SUM_Area,-1,-1" # CAT1_EVAC_Project</Process><Process ToolSource="C:\Program Files\ArcGIS\ArcToolbox\Toolboxes\Data Management Tools.tbx\Merge" Date="20100311" Time="135908">Merge EVAC_ZONE_A;EVAC_ZONE_B;EVAC_ZONE_C;EVAC_ZONE_D;CAT5_EVAC_Project C:\temp\EVAC_ZONE_E.shp "SUM_Area 'SUM_Area' true true false 19 Double 0 0 ,First,#,EVAC_ZONE_A,SUM_Area,-1,-1,EVAC_ZONE_B,SUM_Area,-1,-1,EVAC_ZONE_C,SUM_Area,-1,-1,EVAC_ZONE_D,SUM_Area,-1,-1,CAT5_EVAC_Project,SUM_Area,-1,-1;EVAC_ZONE 'EVAC_ZONE' true true false 5 Text 0 0 ,First,#,EVAC_ZONE_A,EVAC_ZONE,-1,-1,EVAC_ZONE_B,EVAC_ZONE,-1,-1,EVAC_ZONE_C,EVAC_ZONE,-1,-1,EVAC_ZONE_D,EVAC_ZONE,-1,-1;Cat 'Cat' true true false 254 Text 0 0 ,First,#,CAT5_EVAC_Project,Cat,-1,-1"</Process><Process ToolSource="C:\Program Files\ArcGIS\ArcToolbox\Toolboxes\Conversion Tools.tbx\FeatureClassToFeatureClass" Date="20100311" Time="142311">FeatureClassToFeatureClass "Q:\WORK\Public Safety\EvacZones\EVAC_ZONE_E.shp" "Database Connections\Escambia Connection to eoc-arcgis.sde\sde_vec.ESCAMBIA.PUBLIC_SAFETY" EVACUATION_ZONE_E # "EVAC_ZONE 'EVAC_ZONE' true true false 5 Text 0 0 ,First,#,Q:\WORK\Public Safety\EvacZones\EVAC_ZONE_E.shp,EVAC_ZONE,-1,-1" VECTORS "Database Connections\Escambia Connection to eoc-arcgis.sde\sde_vec.ESCAMBIA.PUBLIC_SAFETY\sde_vec.ESCAMBIA.EVACUATION_ZONE_E"</Process><Process ToolSource="C:\Program Files\ArcGIS\ArcToolbox\Toolboxes\Conversion Tools.tbx\FeatureClassToFeatureClass" Date="20100408" Time="105319">FeatureClassToFeatureClass C:\temp\Zones.mdb\Evacuation_Zone_E "Database Connections\Direct Connect Sde_vec@escambia.sde\sde_vec.ESCAMBIA.PUBLIC_SAFETY" EVACUATION_ZONE_E # "EVAC_ZONE 'EVAC_ZONE' true true false 5 Text 0 0 ,First,#,C:\temp\Zones.mdb\Evacuation_Zone_E,EVAC_ZONE,-1,-1" VECTORS "Database Connections\Direct Connect Sde_vec@escambia.sde\sde_vec.ESCAMBIA.PUBLIC_SAFETY\sde_vec.ESCAMBIA.EVACUATION_ZONE_E"</Process><Process ToolSource="C:\Users\sdpugh\AppData\Roaming\ESRI\Desktop10.0\ArcToolbox\My Toolboxes\My Favorite Tools.tbx\ChangePrivileges" Date="20121126" Time="104507">ChangePrivileges 'Database Connections\DC_Vector_SQL_Server.sde\sde_vec.ESCAMBIA.PUBLIC_SAFETY\sde_vec.ESCAMBIA.Evacuation_Routes';'Database Connections\DC_Vector_SQL_Server.sde\sde_vec.ESCAMBIA.PUBLIC_SAFETY\sde_vec.ESCAMBIA.EVACUATION_ZONE_A';'Database Connections\DC_Vector_SQL_Server.sde\sde_vec.ESCAMBIA.PUBLIC_SAFETY\sde_vec.ESCAMBIA.EVACUATION_ZONE_B';'Database Connections\DC_Vector_SQL_Server.sde\sde_vec.ESCAMBIA.PUBLIC_SAFETY\sde_vec.ESCAMBIA.EVACUATION_ZONE_C';'Database Connections\DC_Vector_SQL_Server.sde\sde_vec.ESCAMBIA.PUBLIC_SAFETY\sde_vec.ESCAMBIA.EVACUATION_ZONE_D';'Database Connections\DC_Vector_SQL_Server.sde\sde_vec.ESCAMBIA.PUBLIC_SAFETY\sde_vec.ESCAMBIA.EVACUATION_ZONE_E';'Database Connections\DC_Vector_SQL_Server.sde\sde_vec.ESCAMBIA.PUBLIC_SAFETY\sde_vec.ESCAMBIA.FIRE_DEPARTMENT_LOCATIONS';'Database Connections\DC_Vector_SQL_Server.sde\sde_vec.ESCAMBIA.PUBLIC_SAFETY\sde_vec.ESCAMBIA.FIRE_DISTRICTS';'Database Connections\DC_Vector_SQL_Server.sde\sde_vec.ESCAMBIA.PUBLIC_SAFETY\sde_vec.ESCAMBIA.Hurricane_Shelters' gis_edit # REVOKE</Process><Process ToolSource="c:\program files (x86)\arcgis\desktop10.5\ArcToolbox\Toolboxes\Conversion Tools.tbx\FeatureClassToFeatureClass" Date="20190927" Time="130514">FeatureClassToFeatureClass "Database Connections\Connection to eoc-sql2k12.sde VECTOR.sde\sde_vec.ESCAMBIA.PUBLIC_SAFETY\sde_vec.ESCAMBIA.EVACUATION_ZONE_E" Q:\WORK\Eric\shapefiles\Customers\Mike_Stucka EVACUATION_ZONE_E.shp # "EVAC_ZONE "EVAC_ZONE" true true false 5 Text 0 0 ,First,#,Database Connections\Connection to eoc-sql2k12.sde VECTOR.sde\sde_vec.ESCAMBIA.PUBLIC_SAFETY\sde_vec.ESCAMBIA.EVACUATION_ZONE_E,EVAC_ZONE,-1,-1;Shape_area "Shape_area" false false true 0 Double 0 0 ,First,#,Database Connections\Connection to eoc-sql2k12.sde VECTOR.sde\sde_vec.ESCAMBIA.PUBLIC_SAFETY\sde_vec.ESCAMBIA.EVACUATION_ZONE_E,Shape.area,-1,-1;Shape_len "Shape_len" false false true 0 Double 0 0 ,First,#,Database Connections\Connection to eoc-sql2k12.sde VECTOR.sde\sde_vec.ESCAMBIA.PUBLIC_SAFETY\sde_vec.ESCAMBIA.EVACUATION_ZONE_E,Shape.len,-1,-1" #</Process></lineage><itemProps><itemName Sync="TRUE">EVACUATION_ZONE_E</itemName><imsContentType Sync="TRUE">002</imsContentType><itemSize Sync="TRUE">0.000</itemSize><itemLocation><linkage Sync="TRUE">file://\\coc-fs.bcc.escambia\GIS_SNAP\WORK\Eric\shapefiles\Customers\Mike_Stucka\EVACUATION_ZONE_E.shp</linkage><protocol Sync="TRUE">Local Area Network</protocol></itemLocation></itemProps><coordRef><type Sync="TRUE">Projected</type><geogcsn Sync="TRUE">GCS_North_American_1983_HARN</geogcsn><csUnits Sync="TRUE">Linear Unit: Foot_US (0.304801)</csUnits><projcsn Sync="TRUE">NAD_1983_HARN_StatePlane_Florida_North_FIPS_0903_Feet</projcsn><peXml Sync="TRUE">&lt;ProjectedCoordinateSystem xsi:type='typens:ProjectedCoordinateSystem' xmlns:xsi='http://www.w3.org/2001/XMLSchema-instance' xmlns:xs='http://www.w3.org/2001/XMLSchema' xmlns:typens='http://www.esri.com/schemas/ArcGIS/10.5'&gt;&lt;WKT&gt;PROJCS[&amp;quot;NAD_1983_HARN_StatePlane_Florida_North_FIPS_0903_Feet&amp;quot;,GEOGCS[&amp;quot;GCS_North_American_1983_HARN&amp;quot;,DATUM[&amp;quot;D_North_American_1983_HARN&amp;quot;,SPHEROID[&amp;quot;GRS_1980&amp;quot;,6378137.0,298.257222101]],PRIMEM[&amp;quot;Greenwich&amp;quot;,0.0],UNIT[&amp;quot;Degree&amp;quot;,0.0174532925199433]],PROJECTION[&amp;quot;Lambert_Conformal_Conic&amp;quot;],PARAMETER[&amp;quot;False_Easting&amp;quot;,1968500.0],PARAMETER[&amp;quot;False_Northing&amp;quot;,0.0],PARAMETER[&amp;quot;Central_Meridian&amp;quot;,-84.5],PARAMETER[&amp;quot;Standard_Parallel_1&amp;quot;,29.58333333333333],PARAMETER[&amp;quot;Standard_Parallel_2&amp;quot;,30.75],PARAMETER[&amp;quot;Latitude_Of_Origin&amp;quot;,29.0],UNIT[&amp;quot;Foot_US&amp;quot;,0.3048006096012192],AUTHORITY[&amp;quot;EPSG&amp;quot;,2883]]&lt;/WKT&gt;&lt;XOrigin&gt;-125939000&lt;/XOrigin&gt;&lt;YOrigin&gt;-91453300&lt;/YOrigin&gt;&lt;XYScale&gt;35209816.682919256&lt;/XYScale&gt;&lt;ZOrigin&gt;-100000&lt;/ZOrigin&gt;&lt;ZScale&gt;10000&lt;/ZScale&gt;&lt;MOrigin&gt;-100000&lt;/MOrigin&gt;&lt;MScale&gt;10000&lt;/MScale&gt;&lt;XYTolerance&gt;0.0032808333333333331&lt;/XYTolerance&gt;&lt;ZTolerance&gt;0.001&lt;/ZTolerance&gt;&lt;MTolerance&gt;0.001&lt;/MTolerance&gt;&lt;HighPrecision&gt;true&lt;/HighPrecision&gt;&lt;WKID&gt;2883&lt;/WKID&gt;&lt;LatestWKID&gt;2883&lt;/LatestWKID&gt;&lt;/ProjectedCoordinateSystem&gt;</peXml></coordRef></DataProperties><MetaID>{1AD064D3-101A-48F6-BDF0-5CDB6F919BEE}</MetaID></Esri><idinfo><native Sync="TRUE">Microsoft Windows XP Version 5.1 (Build 2600) Service Pack 3; ESRI ArcCatalog 9.3.1.3000</native><descript><langdata Sync="TRUE">en</langdata><abstract>This polygon shapefile or featureset depicting Surge Zones, was created using a Surge Modeling application created for the Florida Statewide Regional Evacuation Update Study.  The data was derived from National Hurricane Center SLOSH model runs on the parabolic basin for this particular region in Florida.  The runs create outputs for all different storm simulations from all points of the compass.  Each direction has a MEOW (maximum envelope of water) for each category of storm (1-5), and all directions combined result in a MOMs (maximum of maximums) set of data. The MOMs are used in this surge model.

The application uses three input parameters or data: elevation (from LIDAR), SLOSH basin results, and contiguous shoreline or sea polygons.  The LIDAR data used has been converted to a DEM with 5ft pixel resolution.  All processing takes place at the same raster resolution, so the resulting surge polygons (if 5ft) are a spline curve-fitting representation loosely following the outer third of each pixel.  The shoreline features are used to process only contiguous surge zones for each category storm, so there are no lower surge "islands" in the interior of the surge output features.</abstract><purpose>Florida Statewide Regional Evacuation Study Update</purpose></descript><citation><citeinfo><origin>REQUIRED: The name of an organization or individual that developed the data set.</origin><pubdate>REQUIRED: The date when the data set is published or otherwise made available for release.</pubdate><title Sync="TRUE">sde_vec.ESCAMBIA.EVACUATION_ZONE_E</title><ftname Sync="TRUE">sde_vec.ESCAMBIA.EVACUATION_ZONE_E</ftname><geoform Sync="TRUE">vector digital data</geoform><onlink Sync="TRUE">Server=eoc-arcgis; Service=esri_sde_vectors; User=escambia; Version=sde.DEFAULT</onlink></citeinfo></citation><timeperd><current>REQUIRED: The basis on which the time period of content information is determined.</current><timeinfo><sngdate><caldate>REQUIRED: The year (and optionally month, or month and day) for which the data set corresponds to the ground.</caldate></sngdate></timeinfo></timeperd><status><progress>REQUIRED: The state of the data set.</progress><update>REQUIRED: The frequency with which changes and additions are made to the data set after the initial data set is completed.</update></status><spdom><bounding><westbc Sync="TRUE">-87.537770</westbc><eastbc Sync="TRUE">-86.842694</eastbc><northbc Sync="TRUE">30.828010</northbc><southbc Sync="TRUE">30.279903</southbc></bounding><lboundng><leftbc Sync="TRUE">1014924.327765</leftbc><rightbc Sync="TRUE">1229189.846472</rightbc><bottombc Sync="TRUE">478101.245241</bottombc><topbc Sync="TRUE">672454.665766</topbc></lboundng></spdom><keywords><theme><themekt>REQUIRED: Reference to a formally registered thesaurus or a similar authoritative source of theme keywords.</themekt><themekey>REQUIRED: Common-use word or phrase used to describe the subject of the data set.</themekey></theme></keywords><accconst>REQUIRED: Restrictions and legal prerequisites for accessing the data set.</accconst><useconst>REQUIRED: Restrictions and legal prerequisites for using the data set after access is granted.</useconst><natvform Sync="TRUE">SDE Feature Class</natvform><ptcontac><cntinfo><cntperp><cntper>Jessica Paul</cntper><cntorg>West Florida Regional Planning Council</cntorg></cntperp><cntpos>GIS Coordinator</cntpos><cntvoice>850-332-7976 x221</cntvoice><cntemail>jessica.paul@wfrpc.org</cntemail></cntinfo></ptcontac></idinfo><dataIdInfo><envirDesc Sync="TRUE"> Version 6.2 (Build 9200) ; Esri ArcGIS 10.5.1.7333</envirDesc><dataLang><languageCode Sync="TRUE" value="eng"/><countryCode value="USA" Sync="TRUE"></countryCode></dataLang><idCitation><resTitle Sync="TRUE">EVACUATION_ZONE_E</resTitle><presForm><PresFormCd Sync="TRUE" value="005"/></presForm></idCitation><spatRpType><SpatRepTypCd Sync="TRUE" value="001"/></spatRpType><dataExt><geoEle><GeoBndBox esriExtentType="native"><westBL Sync="TRUE">1014924.327765</westBL><eastBL Sync="TRUE">1229189.846472</eastBL><northBL Sync="TRUE">672454.665766</northBL><southBL Sync="TRUE">478101.245241</southBL><exTypeCode Sync="TRUE">1</exTypeCode></GeoBndBox></geoEle></dataExt><geoBox esriExtentType="decdegrees"><westBL Sync="TRUE">-87.53777</westBL><eastBL Sync="TRUE">-86.842694</eastBL><northBL Sync="TRUE">30.82801</northBL><southBL Sync="TRUE">30.279903</southBL><exTypeCode Sync="TRUE">1</exTypeCode></geoBox></dataIdInfo><metainfo><langmeta Sync="TRUE">en</langmeta><metstdn Sync="TRUE">FGDC Content Standards for Digital Geospatial Metadata</metstdn><metstdv Sync="TRUE">FGDC-STD-001-1998</metstdv><mettc Sync="TRUE">local time</mettc><metc><cntinfo><cntorgp><cntper>REQUIRED: The person responsible for the metadata information.</cntper><cntorg>REQUIRED: The organization responsible for the metadata information.</cntorg></cntorgp><cntaddr><addrtype>REQUIRED: The mailing and/or physical address for the organization or individual.</addrtype><city>REQUIRED: The city of the address.</city><state>REQUIRED: The state or province of the address.</state><postal>REQUIRED: The ZIP or other postal code of the address.</postal></cntaddr><cntvoice>REQUIRED: The telephone number by which individuals can speak to the organization or individual.</cntvoice></cntinfo></metc><metd Sync="TRUE">20100408</metd></metainfo><mdLang><languageCode Sync="TRUE" value="eng"/><countryCode value="USA" Sync="TRUE"></countryCode></mdLang><mdStanName Sync="TRUE">ISO 19115 Geographic Information - Metadata</mdStanName><mdStanVer Sync="TRUE">DIS_ESRI1.0</mdStanVer><mdChar><CharSetCd Sync="TRUE" value="004"/></mdChar><mdHrLv><ScopeCd Sync="TRUE" value="005"/></mdHrLv><mdHrLvName Sync="TRUE">dataset</mdHrLvName><distinfo><resdesc Sync="TRUE">Downloadable Data</resdesc><stdorder><digform><digtinfo><transize Sync="TRUE">0.000</transize><dssize Sync="TRUE">0.000</dssize></digtinfo></digform></stdorder></distinfo><distInfo><distributor><distorTran><onLineSrc><orDesc Sync="TRUE">002</orDesc><linkage Sync="TRUE">Server=eoc-arcgis; Service=esri_sde_vectors; User=escambia; Version=sde.DEFAULT</linkage><protocol Sync="TRUE">ArcSDE Connection</protocol></onLineSrc><transSize Sync="TRUE">0.000</transSize></distorTran><distorFormat><formatName Sync="TRUE">SDE Feature Class</formatName></distorFormat></distributor><distFormat><formatName Sync="TRUE">Shapefile</formatName></distFormat><distTranOps><transSize Sync="TRUE">0.000</transSize></distTranOps></distInfo><spdoinfo><direct Sync="TRUE">Vector</direct><ptvctinf><esriterm Name="EVACUATION_ZONE_E"><efeatyp Sync="TRUE">Simple</efeatyp><efeageom code="4" Sync="TRUE"></efeageom><esritopo Sync="TRUE">FALSE</esritopo><efeacnt Sync="TRUE">0</efeacnt><spindex Sync="TRUE">FALSE</spindex><linrefer Sync="TRUE">FALSE</linrefer></esriterm></ptvctinf></spdoinfo><spref><horizsys><cordsysn><geogcsn Sync="TRUE">GCS_North_American_1983_HARN</geogcsn><projcsn Sync="TRUE">NAD_1983_HARN_StatePlane_Florida_North_FIPS_0903_Feet</projcsn></cordsysn><planar><planci><plance Sync="TRUE">coordinate pair</plance><plandu Sync="TRUE">survey feet</plandu><coordrep><absres Sync="TRUE">0.000250</absres><ordres Sync="TRUE">0.000250</ordres></coordrep></planci></planar><geodetic><horizdn Sync="TRUE">D_North_American_1983_HARN</horizdn><ellips Sync="TRUE">Geodetic Reference System 80</ellips><semiaxis Sync="TRUE">6378137.000000</semiaxis><denflat Sync="TRUE">298.257222</denflat></geodetic></horizsys><vertdef><altsys><altenc Sync="TRUE">Explicit elevation coordinate included with horizontal coordinates</altenc><altres Sync="TRUE">1.000000</altres></altsys></vertdef></spref><refSysInfo><RefSystem><refSysID><identCode Sync="TRUE" code="2883">NAD_1983_HARN_StatePlane_Florida_North_FIPS_0903_Feet</identCode><idCodeSpace Sync="TRUE">EPSG</idCodeSpace><idVersion Sync="TRUE">8.9.3(9.0.0)</idVersion></refSysID></RefSystem></refSysInfo><spatRepInfo><VectSpatRep><geometObjs Name="EVACUATION_ZONE_E"><geoObjTyp><GeoObjTypCd value="002" Sync="TRUE"></GeoObjTypCd></geoObjTyp><geoObjCnt Sync="TRUE">0</geoObjCnt></geometObjs><topLvl><TopoLevCd value="001" Sync="TRUE"></TopoLevCd></topLvl></VectSpatRep></spatRepInfo><eainfo><detailed Name="EVACUATION_ZONE_E"><enttyp><enttypl Sync="TRUE">EVACUATION_ZONE_E</enttypl><enttypt Sync="TRUE">Feature Class</enttypt><enttypc Sync="TRUE">0</enttypc></enttyp><attr><attrlabl Sync="TRUE">FID</attrlabl><attalias Sync="TRUE">FID</attalias><attrtype Sync="TRUE">OID</attrtype><attwidth Sync="TRUE">4</attwidth><atprecis Sync="TRUE">0</atprecis><attscale Sync="TRUE">0</attscale><attrdef Sync="TRUE">Internal feature number.</attrdef><attrdefs Sync="TRUE">Esri</attrdefs><attrdomv><udom Sync="TRUE">Sequential unique whole numbers that are automatically generated.</udom></attrdomv></attr><attr><attrlabl Sync="TRUE">Shape</attrlabl><attalias Sync="TRUE">Shape</attalias><attrtype Sync="TRUE">Geometry</attrtype><attwidth Sync="TRUE">0</attwidth><atprecis Sync="TRUE">0</atprecis><attscale Sync="TRUE">0</attscale><attrdef Sync="TRUE">Feature geometry.</attrdef><attrdefs Sync="TRUE">ESRI</attrdefs><attrdomv><udom Sync="TRUE">Coordinates defining the features.</udom></attrdomv></attr><attr><attrlabl Sync="TRUE">EVAC_ZONE</attrlabl><attalias Sync="TRUE">EVAC_ZONE</attalias><attrtype Sync="TRUE">String</attrtype><attwidth Sync="TRUE">5</attwidth><atprecis Sync="TRUE">0</atprecis><attscale Sync="TRUE">0</attscale></attr><attr><attrlabl Sync="TRUE">Shape_area</attrlabl><attalias Sync="TRUE">Shape_area</attalias><attrtype Sync="TRUE">Double</attrtype><attwidth Sync="TRUE">19</attwidth><atprecis Sync="TRUE">0</atprecis><attscale Sync="TRUE">0</attscale><attrdef Sync="TRUE">Area of feature in internal units squared.</attrdef><attrdefs Sync="TRUE">Esri</attrdefs><attrdomv><udom Sync="TRUE">Positive real numbers that are automatically generated.</udom></attrdomv></attr><attr><attrlabl Sync="TRUE">Shape_len</attrlabl><attalias Sync="TRUE">Shape_len</attalias><attrtype Sync="TRUE">Double</attrtype><attwidth Sync="TRUE">19</attwidth><atprecis Sync="TRUE">0</atprecis><attscale Sync="TRUE">0</attscale></attr></detailed></eainfo><mdDateSt Sync="TRUE">20190927</mdDateSt><dataqual><lineage><procstep><procdesc Sync="TRUE">Dataset copied.</procdesc><srcused Sync="TRUE">D:\EvacuationStudy\StormSurge\Escambia\Esc_Surge122109_D</srcused><procdate Sync="TRUE">20091221</procdate><proctime Sync="TRUE">09214000</proctime></procstep><procstep><procdesc Sync="TRUE">Dataset copied.</procdesc><srcused Sync="TRUE">C:\GIS\StormSurge\Esc_Surge122109_D</srcused><procdate Sync="TRUE">20100309</procdate><proctime Sync="TRUE">09440300</proctime></procstep><procstep><procdesc Sync="TRUE">Dataset copied.</procdesc><srcused Sync="TRUE"/><procdate Sync="TRUE">20100309</procdate><proctime Sync="TRUE">12581000</proctime></procstep><procstep><procdesc Sync="TRUE">Dataset copied.</procdesc><srcused Sync="TRUE"/><procdate Sync="TRUE">20100309</procdate><proctime Sync="TRUE">13583000</proctime></procstep><procstep><procdesc Sync="TRUE">Dataset copied.</procdesc><srcused Sync="TRUE">Service=sde:sqlserver:bccsql2k5; Database=sde_vec; User=escambia; Version=sde.DEFAULT</srcused><procdate Sync="TRUE">20100408</procdate><proctime Sync="TRUE">10484500</proctime></procstep><procstep><procdesc Sync="TRUE">Dataset copied.</procdesc><srcused Sync="TRUE">Server=eoc-arcgis; Service=esri_sde_vec; User=escambia; Version=sde.DEFAULT</srcused><procdate Sync="TRUE">20100421</procdate><proctime Sync="TRUE">11552900</proctime></procstep></lineage></dataqual></metadata>
